customer_id,date_of_birth,first_name,last_name,second_name,gender
60872994,1982-03-06,Наина,Виноградова,Олеговна,жен
36851349,1960-11-12,Руслан,Дементьев,Захарьевич,муж
67471236,1963-05-22,Ксения,Юдина,Архиповна,жен
36426514,2001-02-08,Полина,Панова,Павловна,жен
61463423,1985-12-01,Боян,Ермаков,Ермолаевич,муж
57658377,1956-12-21,Тимофей,Лаврентьев,Дмитриевич,муж
40747939,1994-05-04,Татьяна,Белова,Вадимовна,жен
56308292,1991-11-08,Борис,Лыткин,Ааронович,муж
38143082,1977-03-05,Клавдия,Дементьева,Дмитриевна,жен
56481828,1975-11-03,Святополк,Белоусов,Евсеевич,муж
43455243,2006-10-07,Дарья,Архипова,Федоровна,жен
41329062,1979-07-15,Анжела,Наумова,Кирилловна,жен
58865257,1973-09-07,Руслан,Кудряшов,Эдгарович,муж
62549547,1994-08-22,Борис,Цветков,Филатович,муж
65974029,1953-02-09,Ладимир,Белозеров,Ефимьевич,муж
52995157,1994-11-22,Ирина,Шарапова,Юрьевна,жен
51162294,1954-08-16,Федот,Артемьев,Гертрудович,муж
35616968,2010-01-31,Творимир,Федосеев,Харламович,муж
56928367,1951-08-01,Лариса,Горшкова,Олеговна,жен
54640089,1954-12-07,Людмила,Гуляева,Григорьевна,жен
34120300,1953-07-06,Клавдий,Беляев,Измаилович,муж
58154283,1953-06-08,Вацлав,Комиссаров,Фролович,муж
54148648,1965-08-25,Наина,Крылова,Богдановна,жен
33529669,1992-04-22,Валентина,Кондратьева,Федоровна,жен
43291044,1981-09-29,Изот,Носков,Филиппович,муж
58075500,1994-01-29,Фёкла,Калашникова,Тимофеевна,жен
57845230,1998-10-15,Клавдий,Николаев,Иосифович,муж
62039593,1960-01-07,Сократ,Фомин,Тарасович,муж
58642165,1961-05-31,Степан,Шубин,Ерофеевич,муж
37686355,1984-08-23,Алина,Шашкова,Аркадьевна,жен
54610616,2004-04-02,Остап,Максимов,Гертрудович,муж
60861573,1962-10-23,Марина,Рогова,Григорьевна,жен
45744646,1971-09-01,Зинаида,Бурова,Александровна,жен
60031345,1998-01-11,Фортунат,Николаев,Теймуразович,муж
57946576,1952-07-09,Эрнст,Некрасов,Харламович,муж
66945522,1972-06-15,Анастасия,Галкина,Руслановна,жен
61324128,1993-11-20,Зинаида,Гаврилова,Алексеевна,жен
36443891,1962-06-06,Наина,Ефремова,Захаровна,жен
45168785,1950-03-14,Вероника,Третьякова,Руслановна,жен
51501493,2008-01-05,Маргарита,Пахомова,Руслановна,жен
62145095,1962-01-25,Константин,Суханов,Валерьянович,муж
66477514,1963-03-11,Харитон,Большаков,Ефимьевич,муж
44157664,1981-04-27,Радован,Пономарев,Елисеевич,муж
62743671,1961-05-07,Анжела,Доронина,Вадимовна,жен
38282837,1979-08-08,Панкратий,Фомичев,Эдуардович,муж
39910682,1986-10-18,Натан,Матвеев,Афанасьевич,муж
35509122,1999-04-30,Дарья,Комиссарова,Тимофеевна,жен
58373692,1964-12-03,Майя,Зыкова,Владиславовна,жен
55914212,2001-04-22,Анжелика,Тарасова,Никифоровна,жен
36567580,1975-03-13,Полина,Комарова,Владимировна,жен
51060642,1979-08-01,Егор,Горбунов,Устинович,муж
56305585,1972-08-16,Ульяна,Давыдова,Руслановна,жен
55018192,1959-09-14,Ульяна,Кудрявцева,Васильевна,жен
35767602,2003-05-10,Лавр,Сидоров,Александрович,муж
43847155,1973-12-01,Лукия,Молчанова,Архиповна,жен
64870463,1994-05-01,Светлана,Зайцева,Святославовна,жен
50951080,1968-10-06,Марина,Ситникова,Тимофеевна,жен
59972226,1999-08-03,Вячеслав,Козлов,Яковлевич,муж
67702649,1994-04-22,Зоя,Тихонова,Юрьевна,жен
41855762,1977-05-24,Максимильян,Морозов,Бориславович,муж
43166919,1952-01-16,Юлий,Федоров,Абрамович,муж
51764725,2008-10-07,Емельян,Воронов,Владиславович,муж
59601249,1983-12-15,Акулина,Титова,Романовна,жен
32419148,2001-08-01,Данила,Никитин,Арсеньевич,муж
65345321,1995-04-26,Светлана,Осипова,Михайловна,жен
54306333,1963-11-23,Анна,Колобова,Яковлевна,жен
43884407,1994-05-16,Клавдия,Маслова,Валериевна,жен
57268255,1954-09-09,Геннадий,Шашков,Юлианович,муж
51853192,1957-08-21,Анастасия,Вишнякова,Олеговна,жен
32156638,1973-11-25,Лукия,Федосеева,Феликсовна,жен
44878087,1984-12-27,Алла,Нестерова,Станиславовна,жен
37598164,1956-04-04,Твердислав,Власов,Елисеевич,муж
63089870,1974-03-06,Аскольд,Абрамов,Эдгардович,муж
45690170,1964-03-15,Анна,Щербакова,Руслановна,жен
67146490,1974-04-21,Милица,Орехова,Харитоновна,жен
60782791,1992-12-15,Ирина,Рогова,Святославовна,жен
37379505,2007-07-01,Антип,Копылов,Ааронович,муж
56278433,1969-04-23,Алевтина,Степанова,Михайловна,жен
33385186,1977-01-22,Ангелина,Соболева,Максимовна,жен
52288308,1993-10-25,Николай,Кириллов,Эдуардович,муж
53082213,1964-06-25,Аким,Шашков,Владиленович,муж
54782343,1955-08-01,Тамара,Кондратьева,Константиновна,жен
66368846,1976-06-19,Нинель,Третьякова,Натановна,жен
34287220,1961-02-20,Октябрина,Николаева,Владимировна,жен
43834175,1970-04-15,Остромир,Борисов,Демидович,муж
54265698,1958-03-27,Эмилия,Сафонова,Наумовна,жен
56819041,1985-07-07,Исай,Беспалов,Архипович,муж
62165507,1959-05-24,Нинель,Воронова,Викторовна,жен
65590182,1950-01-09,Андроник,Горшков,Юльевич,муж
41165919,1960-11-18,Полина,Попова,Григорьевна,жен
50763373,1998-11-25,Полина,Ефимова,Макаровна,жен
52021722,1987-03-07,Ия,Филатова,Васильевна,жен
64781316,1975-04-22,Александра,Антонова,Ждановна,жен
42060559,2004-08-14,Евдоким,Петров,Ильясович,муж
63217023,2004-10-05,Софон,Блохин,Трофимович,муж
51441378,1962-05-09,Селиверст,Князев,Феофанович,муж
58117405,2006-12-20,Алина,Белоусова,Робертовна,жен
51469799,1955-04-24,Адриан,Афанасьев,Ааронович,муж
51741317,1986-06-24,Октябрина,Никифорова,Болеславовна,жен
58122818,1985-04-10,Нифонт,Ермаков,Артёмович,муж
46773707,2007-04-22,Ксения,Матвеева,Руслановна,жен
59192572,1988-08-04,Вячеслав,Селезнев,Валерьянович,муж
41010257,2004-05-02,Всемил,Гущин,Елисеевич,муж
62474364,2000-11-18,Агата,Белова,Дмитриевна,жен
50459908,1994-09-10,Оксана,Уварова,Георгиевна,жен
43242240,1961-06-25,Олимпиада,Коновалова,Семеновна,жен
59026805,2000-09-26,Зоя,Горшкова,Робертовна,жен
47570604,1973-03-16,Викторин,Александров,Александрович,муж
55825403,1993-04-26,Зиновий,Мясников,Исидорович,муж
35783319,1956-06-21,Иларион,Харитонов,Викентьевич,муж
51538614,1982-01-12,Сила,Лобанов,Валентинович,муж
63646272,1965-12-30,Маргарита,Смирнова,Матвеевна,жен
61440154,2008-09-09,Фёкла,Родионова,Валентиновна,жен
38967263,1974-09-02,София,Бобылева,Даниловна,жен
52556466,1967-02-25,Ермолай,Самсонов,Якубович,муж
46830380,2005-07-25,Фёкла,Крюкова,Захаровна,жен
59847171,1993-04-02,Лучезар,Поляков,Тарасович,муж
66446997,1957-08-10,Григорий,Журавлев,Бориславович,муж
39599014,1956-07-17,Будимир,Меркушев,Артурович,муж
34485302,2000-09-01,Владимир,Жданов,Трофимович,муж
40536260,1962-10-08,Авксентий,Гущин,Артёмович,муж
36636288,1995-10-31,Варфоломей,Макаров,Ануфриевич,муж
46908144,1962-12-13,Наталья,Романова,Эльдаровна,жен
45828175,1990-08-02,Лонгин,Рожков,Аверьянович,муж
56060253,2004-03-31,Александра,Терентьева,Аркадьевна,жен
67883489,2007-08-04,Кир,Костин,Эдгардович,муж
41256655,1957-04-04,Нонна,Денисова,Артемовна,жен
39039254,2001-10-29,Октябрина,Осипова,Степановна,жен
54825332,1961-06-16,Агап,Сысоев,Герасимович,муж
45681620,1977-07-10,Акулина,Брагина,Оскаровна,жен
36927739,1954-08-20,Евдокия,Ситникова,Захаровна,жен
57487956,2004-02-04,Моисей,Зиновьев,Федосеевич,муж
32495292,1962-02-13,Леонтий,Блинов,Борисович,муж
35192016,2008-12-22,Маргарита,Горшкова,Оскаровна,жен
43750973,1954-05-25,Милица,Миронова,Григорьевна,жен
46864442,1954-07-30,Ираида,Денисова,Кирилловна,жен
56415129,2010-03-23,Герман,Тимофеев,Авдеевич,муж
58185356,1974-03-19,Гордей,Петров,Феофанович,муж
43691768,1994-10-30,Ярослав,Морозов,Викентьевич,муж
54430375,1985-12-21,Раиса,Ершова,Тимуровна,жен
50868052,1996-12-04,Модест,Зиновьев,Владиленович,муж
56983534,1971-12-13,Викентий,Красильников,Измаилович,муж
34055160,1953-01-20,Любовь,Копылова,Даниловна,жен
58578295,1994-01-10,Лидия,Степанова,Аскольдовна,жен
40123832,1951-03-06,Ян,Цветков,Давидович,муж
38822934,1960-01-14,Елена,Никифорова,Филипповна,жен
66827124,1962-09-02,Изот,Носков,Эдуардович,муж
53486052,1983-06-12,Прокл,Жданов,Дмитриевич,муж
51790467,1996-09-29,Клавдий,Белоусов,Трифонович,муж
60063441,1995-06-23,Алла,Елисеева,Кузьминична,жен
43584772,1991-01-26,Пахом,Сафонов,Артёмович,муж
41643481,1951-08-24,Ольга,Зайцева,Макаровна,жен
60601541,1956-05-28,Панкратий,Исаев,Яковлевич,муж
62019837,1972-10-30,Милий,Ширяев,Димитриевич,муж
51895021,1992-03-02,Клавдия,Воронцова,Максимовна,жен
54192161,1950-01-21,Ярослав,Сергеев,Димитриевич,муж
33311126,1971-11-05,Митофан,Цветков,Ефремович,муж
61122357,2004-01-07,Пелагея,Яковлева,Михайловна,жен
52699841,1955-11-01,Архип,Казаков,Эдуардович,муж
52808511,2007-12-17,Прокофий,Герасимов,Харлампович,муж
39509671,1988-06-12,Изот,Горшков,Валерианович,муж
35357224,2004-09-20,Алла,Фролова,Егоровна,жен
38466030,1978-04-24,Твердислав,Смирнов,Жоресович,муж
63627504,2005-05-10,Анжела,Коновалова,Ивановна,жен
49232125,1998-11-13,Алина,Бурова,Леонидовна,жен
64613074,1998-05-03,Таисия,Филатова,Матвеевна,жен
51769810,1957-12-04,Данила,Филиппов,Еремеевич,муж
40410205,1988-09-28,Феликс,Брагин,Анатольевич,муж
40960412,2009-09-02,Антип,Жданов,Ефремович,муж
55863147,2003-11-03,Никифор,Сазонов,Ефимьевич,муж
45289135,1982-05-30,Екатерина,Князева,Семеновна,жен
35702933,1956-07-08,Борис,Емельянов,Елисеевич,муж
66245593,1957-11-28,Адриан,Алексеев,Юлианович,муж
37834546,1988-10-04,Мария,Князева,Наумовна,жен
61943067,1966-06-02,Таисия,Фролова,Олеговна,жен
47387591,1966-03-02,Зинаида,Артемьева,Романовна,жен
49504287,1996-04-09,Ангелина,Красильникова,Михайловна,жен
53530268,1987-01-12,Аггей,Жданов,Феофанович,муж
67070157,1985-06-19,Ирина,Фомина,Станиславовна,жен
47482287,1967-04-24,Наталья,Панова,Олеговна,жен
57610268,1987-04-16,Ксения,Анисимова,Олеговна,жен
42254112,1971-08-21,Фаина,Лапина,Станиславовна,жен
44316025,1963-07-04,Борис,Тетерин,Тарасович,муж
35966953,1998-07-16,Фаина,Сергеева,Ждановна,жен
64210704,1985-07-27,Лукия,Воронцова,Афанасьевна,жен
49612773,1952-03-27,Нинель,Дьячкова,Архиповна,жен
61857915,1954-01-02,Аникей,Давыдов,Алексеевич,муж
47297865,1973-10-16,Пимен,Фокин,Димитриевич,муж
56175611,1955-10-18,Богдан,Молчанов,Зиновьевич,муж
33695424,2003-07-08,Измаил,Буров,Венедиктович,муж
39623807,2007-12-01,Вероника,Красильникова,Федоровна,жен
64019738,1972-12-26,Прокофий,Воронцов,Ярославович,муж
33182715,2002-11-03,Вероника,Шарапова,Матвеевна,жен
61500531,1998-01-15,Марфа,Семенова,Даниловна,жен
42503181,2007-03-28,Нинель,Копылова,Яковлевна,жен
36672655,1987-07-16,Алла,Лобанова,Борисовна,жен
37914223,1999-03-18,Тихон,Дорофеев,Виленович,муж
64133472,1970-06-11,Вероника,Белякова,Эдуардовна,жен
44899962,2002-11-27,Эрнст,Силин,Харитонович,муж
44213726,1986-11-21,Ксения,Маркова,Тарасовна,жен
65402962,1959-11-10,Викентий,Лебедев,Владиленович,муж
52345157,1983-11-18,Самуил,Ларионов,Вячеславович,муж
59424758,2008-11-13,Пелагея,Титова,Кузьминична,жен
40209375,1993-04-19,Агата,Молчанова,Рубеновна,жен
66545616,1985-05-12,Светлана,Прохорова,Юрьевна,жен
37859634,1951-07-19,Еремей,Ларионов,Дорофеевич,муж
59565304,1984-04-08,Мина,Кулаков,Эдгарович,муж
35057739,1961-08-11,Венедикт,Панов,Федотович,муж
58010311,1988-09-17,Варлаам,Назаров,Вилорович,муж
60516372,2000-06-27,Лукия,Воронова,Афанасьевна,жен
55505861,1968-05-14,Тит,Андреев,Жоресович,муж
46024691,1967-07-29,Агафья,Блинова,Робертовна,жен
38681169,1987-03-31,Макар,Новиков,Владиленович,муж
53977953,1989-09-05,Харитон,Афанасьев,Германович,муж
44368077,2005-06-13,Юлия,Авдеева,Леоновна,жен
52660601,2000-07-18,Родион,Громов,Георгиевич,муж
44997533,1998-01-30,Аркадий,Смирнов,Дорофеевич,муж
58064970,2010-04-18,Данила,Якушев,Чеславович,муж
33731822,1965-05-22,Полина,Муравьева,Матвеевна,жен
62786521,2000-02-04,Милий,Соколов,Бориславович,муж
36717425,1965-06-25,Валерия,Лапина,Максимовна,жен
65137619,2004-12-08,Орест,Герасимов,Елисеевич,муж
62496960,2008-07-21,Оксана,Мельникова,Харитоновна,жен
67214516,2002-03-02,Викторин,Волков,Гордеевич,муж
60085521,1954-05-09,Карп,Дьячков,Феодосьевич,муж
49658535,1994-07-19,Регина,Дмитриева,Георгиевна,жен
43092550,2004-06-02,Парфен,Брагин,Артёмович,муж
50542467,1988-09-24,Акулина,Щербакова,Николаевна,жен
60107718,1985-06-24,Севастьян,Нестеров,Анисимович,муж
36732318,1966-12-14,Кира,Филиппова,Антоновна,жен
33302299,1978-02-21,Ангелина,Бурова,Олеговна,жен
38681669,2001-05-11,Ярослав,Белов,Аверьянович,муж
47717089,1973-09-26,Варвара,Александрова,Степановна,жен
38990168,1970-04-26,Майя,Пестова,Мироновна,жен
58880837,1953-06-03,Вячеслав,Пономарев,Матвеевич,муж
65801768,1971-07-21,Велимир,Ершов,Устинович,муж
67572706,1952-02-16,Акулина,Мишина,Семеновна,жен
65054022,1974-03-12,Антонина,Котова,Аскольдовна,жен
34698213,1950-07-19,Сильвестр,Емельянов,Владиленович,муж
58954110,1951-02-15,Тамара,Кондратьева,Эдуардовна,жен
41887464,2004-03-21,Петр,Копылов,Аксёнович,муж
37574595,1962-01-09,Бажен,Буров,Германович,муж
35381882,1962-03-13,Будимир,Костин,Венедиктович,муж
59914255,1973-05-13,Дарья,Панова,Егоровна,жен
52254091,1974-01-09,Ульяна,Муравьева,Эльдаровна,жен
44040523,1985-08-11,Антонина,Маслова,Константиновна,жен
35938391,1988-10-16,Виктория,Лихачева,Дмитриевна,жен
61833535,2007-09-11,Алевтина,Белозерова,Михайловна,жен
38513866,1976-09-07,Лариса,Тетерина,Тарасовна,жен
38382841,1951-02-27,Валерия,Самсонова,Сергеевна,жен
61686720,2007-07-03,Лидия,Вишнякова,Ивановна,жен
53516543,1959-12-02,Татьяна,Кулагина,Геннадиевна,жен
52481303,1971-12-03,Евдокия,Симонова,Ильинична,жен
55065522,1958-12-27,Боян,Зимин,Антонович,муж
33838027,2001-04-04,Майя,Филиппова,Максимовна,жен
62572288,1963-07-01,Василий,Щукин,Владиленович,муж
63379312,2006-01-23,Корнил,Пахомов,Валерьевич,муж
62661073,1994-04-15,Пантелеймон,Смирнов,Федосьевич,муж
41639891,1986-08-29,Михаил,Шилов,Авдеевич,муж
37849128,1997-10-04,Якуб,Носков,Демидович,муж
41032873,1962-08-17,Лариса,Власова,Романовна,жен
38142517,1959-09-30,Анжела,Котова,Кузьминична,жен
67228109,1954-10-04,Аркадий,Архипов,Феликсович,муж
40131121,1966-05-19,Феоктист,Анисимов,Ерофеевич,муж
41418618,2002-04-12,Маргарита,Полякова,Егоровна,жен
57526411,1980-05-22,Ираклий,Стрелков,Вячеславович,муж
40536224,1998-09-07,Мстислав,Некрасов,Ефремович,муж
32763593,2000-08-08,Севастьян,Молчанов,Адрианович,муж
61152871,1980-08-15,Зинаида,Воробьева,Вячеславовна,жен
34078650,1950-03-31,Тамара,Шарапова,Никифоровна,жен
64674664,2006-04-16,Таисия,Крылова,Тимофеевна,жен
32483090,1950-08-22,Татьяна,Пономарева,Макаровна,жен
52352083,1996-03-25,Раиса,Орлова,Святославовна,жен
64679555,1995-07-11,Эмилия,Лебедева,Олеговна,жен
34508599,1968-01-18,Доброслав,Тетерин,Димитриевич,муж
54893270,1951-11-01,Наталья,Миронова,Юльевна,жен
32764704,1960-07-20,Милован,Жданов,Артурович,муж
41071721,1955-08-31,Валентина,Котова,Робертовна,жен
60133456,1986-09-30,Онуфрий,Голубев,Чеславович,муж
56448256,1987-11-25,Амвросий,Кулаков,Федосеевич,муж
52352602,1973-12-28,Ксения,Блохина,Яковлевна,жен
49170161,2004-02-04,Зиновий,Зайцев,Егорович,муж
38860367,1955-08-31,Варвара,Киселева,Вячеславовна,жен
43902351,1987-03-05,Антонин,Туров,Артурович,муж
64412123,1978-05-09,Епифан,Сазонов,Эдгарович,муж
54288892,1995-07-31,Вацлав,Панов,Димитриевич,муж
46560944,1950-07-20,Савва,Князев,Владиленович,муж
33625555,1957-01-08,Оксана,Красильникова,Романовна,жен
34372352,1968-05-04,Евстигней,Кулагин,Ильясович,муж
38515900,1996-12-19,Ярослав,Ермаков,Валерьевич,муж
47360542,1998-09-16,Владилен,Афанасьев,Изотович,муж
46203625,1995-10-13,Гедеон,Ершов,Фролович,муж
45467339,1967-10-05,Герман,Поляков,Елизарович,муж
53290945,1987-04-15,Эмилия,Воронова,Вениаминовна,жен
57580545,1955-08-18,Анжелика,Виноградова,Филипповна,жен
53473675,1955-08-17,Клавдий,Гурьев,Фёдорович,муж
43051203,1961-10-22,Ксения,Турова,Филипповна,жен
60377795,1976-05-27,Еремей,Сорокин,Адрианович,муж
47382212,1996-10-03,Остромир,Матвеев,Марсович,муж
35853564,1972-06-10,Марина,Самсонова,Артемовна,жен
54114901,2002-07-14,Ерофей,Нестеров,Антонович,муж
53236813,1974-06-12,Ян,Воронов,Иларионович,муж
59469482,1980-01-09,Фаина,Никитина,Юрьевна,жен
34722979,1991-10-04,Юрий,Гурьев,Трофимович,муж
49869940,1977-10-22,Евгений,Копылов,Якубович,муж
58094384,2001-08-10,Емельян,Костин,Ефремович,муж
61170820,1975-11-13,Жанна,Панова,Аскольдовна,жен
55867426,1997-10-16,Пелагея,Фролова,Никифоровна,жен
55985510,1960-07-28,Синклитикия,Костина,Никифоровна,жен
42240941,1986-02-05,Ермолай,Зайцев,Ефимьевич,муж
59854808,1950-05-07,Регина,Горбачева,Захаровна,жен
35198402,2005-09-01,Стоян,Капустин,Харлампович,муж
56482980,1973-12-15,Клавдий,Мишин,Еремеевич,муж
61192938,1978-01-21,Валерий,Чернов,Иосифович,муж
37602160,1968-08-22,Парамон,Абрамов,Эдуардович,муж
65766017,1964-09-09,Вероника,Герасимова,Яковлевна,жен
32542651,1987-05-28,Ия,Богданова,Антоновна,жен
56788888,1959-09-05,Пелагея,Козлова,Аркадьевна,жен
48206463,1960-12-19,Екатерина,Дементьева,Игоревна,жен
48103053,2003-01-22,Софон,Мельников,Димитриевич,муж
64753404,1953-06-08,Любовь,Медведева,Кузьминична,жен
35748567,1974-10-20,Галина,Пономарева,Леонидовна,жен
47287504,1987-02-15,Ираида,Сидорова,Аркадьевна,жен
58147976,1972-11-21,Мартьян,Соколов,Устинович,муж
59400254,1967-01-14,Денис,Гусев,Борисович,муж
60012038,1973-03-09,Валерий,Ефимов,Демидович,муж
66898879,1994-05-07,Светлана,Калинина,Борисовна,жен
55276444,2003-03-15,Лукия,Брагина,Максимовна,жен
62424697,1994-10-13,Таисия,Ильина,Георгиевна,жен
43078463,1973-03-24,Феоктист,Иванов,Трофимович,муж
67637512,1971-02-19,Никанор,Антонов,Гертрудович,муж
55692020,1952-08-16,Корнил,Архипов,Андреевич,муж
36756765,1953-07-07,Глафира,Попова,Николаевна,жен
34491728,2007-07-19,Акулина,Романова,Викторовна,жен
59638347,1990-07-14,Агафья,Кулакова,Леонидовна,жен
61401496,1955-07-15,Измаил,Смирнов,Вячеславович,муж
65998284,1953-12-19,Софрон,Кудряшов,Игнатьевич,муж
53751175,1972-11-30,Ия,Наумова,Кирилловна,жен
40859511,1999-01-21,Ипат,Кошелев,Александрович,муж
60392601,2007-11-26,София,Мухина,Семеновна,жен
56818403,1983-09-10,Глафира,Тимофеева,Тимуровна,жен
63821651,1987-08-12,Валерия,Кулакова,Павловна,жен
34429993,1949-10-16,Наина,Беспалова,Наумовна,жен
48066943,1962-03-04,Андрей,Фадеев,Харламович,муж
62650948,2004-11-12,Милован,Ефимов,Давыдович,муж
58531174,2001-04-23,Самсон,Титов,Витальевич,муж
52931386,1988-08-28,Ирина,Фомина,Дмитриевна,жен
35747645,1981-07-15,Алина,Суворова,Оскаровна,жен
46010040,1977-05-16,Ия,Миронова,Ниловна,жен
61118148,1998-06-10,Глафира,Прохорова,Афанасьевна,жен
59345909,1960-01-12,Ольга,Игнатова,Рубеновна,жен
65610937,1989-09-30,Ладимир,Муравьев,Вилорович,муж
39785991,1976-09-24,Аскольд,Лаврентьев,Фокич,муж
54151627,2007-08-08,Аверкий,Лобанов,Бориславович,муж
46562459,1974-08-17,Еремей,Дьячков,Евсеевич,муж
50542538,1980-03-04,Панфил,Рожков,Фадеевич,муж
47519827,1966-06-09,Лаврентий,Марков,Филиппович,муж
45212903,2002-09-09,Ксения,Цветкова,Матвеевна,жен
64677561,1959-08-03,Галина,Кондратьева,Евгеньевна,жен
47681696,1956-08-31,Алина,Сысоева,Харитоновна,жен
36317355,1968-03-23,Таисия,Родионова,Анатольевна,жен
35757021,1949-10-21,Мария,Игнатова,Вадимовна,жен
38435068,1964-12-22,Кира,Прохорова,Ниловна,жен
43682092,2008-11-04,Кира,Полякова,Михайловна,жен
46335390,1993-07-14,Ульяна,Григорьева,Тимофеевна,жен
51219796,1967-05-17,Григорий,Григорьев,Венедиктович,муж
50668198,1975-04-08,Милан,Суханов,Фадеевич,муж
61827020,2009-11-04,Любосмысл,Соколов,Теймуразович,муж
55685641,1973-02-07,Федор,Королев,Андреевич,муж
43791280,1983-08-19,Элеонора,Никитина,Леонидовна,жен
59620110,1968-01-02,Пимен,Волков,Анисимович,муж
44350131,1975-07-29,Василиса,Комиссарова,Рубеновна,жен
56114019,1999-12-29,Оксана,Сергеева,Львовна,жен
44683324,1960-05-08,Азарий,Пахомов,Игнатьевич,муж
64265964,1973-03-26,Акулина,Евсеева,Робертовна,жен
52115862,1985-04-06,Агафья,Иванова,Максимовна,жен
46649184,1998-03-20,Ольга,Максимова,Юрьевна,жен
43280422,1966-04-07,Ираклий,Горбунов,Адрианович,муж
67699759,1956-04-25,Ферапонт,Кузнецов,Власович,муж
53694559,1986-05-28,Юлиан,Веселов,Бориславович,муж
55531915,1990-09-07,Лариса,Веселова,Алексеевна,жен
48793185,1995-04-27,Добромысл,Костин,Филатович,муж
63542989,1983-08-23,Марина,Белова,Тимофеевна,жен
35915247,2006-03-01,Илья,Щербаков,Арсенович,муж
36440214,1962-12-21,Ираида,Харитонова,Юльевна,жен
44182788,1957-10-28,Боян,Ширяев,Антонович,муж
65927225,1956-07-30,Алла,Емельянова,Аскольдовна,жен
46306451,1951-05-10,Климент,Власов,Матвеевич,муж
46896932,1985-02-27,Людмила,Лаврентьева,Леонидовна,жен
46294757,1967-03-17,Арсений,Беляков,Тихонович,муж
43334519,1982-12-18,Терентий,Соколов,Эдуардович,муж
33743026,1981-05-21,Владимир,Дементьев,Всеволодович,муж
36919066,1949-07-08,Нонна,Копылова,Георгиевна,жен
38377113,1949-09-25,Станислав,Баранов,Борисович,муж
34252072,1956-09-02,Лукия,Боброва,Ильинична,жен
40781338,2001-11-23,Сила,Пахомов,Артемьевич,муж
34189141,1985-04-16,Мирослав,Третьяков,Феликсович,муж
54876741,1970-04-06,Никандр,Быков,Юлианович,муж
55755709,1996-11-07,Измаил,Кудряшов,Валерьянович,муж
48032934,1954-11-22,Никифор,Горбачев,Валерьевич,муж
54312539,1981-02-02,Акулина,Дементьева,Вениаминовна,жен
55064206,1962-12-27,Анастасия,Соколова,Натановна,жен
43383575,1974-04-21,Марина,Абрамова,Захаровна,жен
50865919,1989-04-30,Гремислав,Гордеев,Марсович,муж
42045324,1973-05-31,Вера,Костина,Захаровна,жен
58552223,1955-09-15,Иванна,Гуляева,Константиновна,жен
49643708,1972-05-08,Евгения,Шарапова,Кузьминична,жен
52569871,1996-01-27,Клавдия,Быкова,Ильинична,жен
43637306,1976-05-27,Анна,Виноградова,Тарасовна,жен
51271210,1997-11-09,Измаил,Исаков,Всеволодович,муж
46544806,1992-08-07,Фёкла,Веселова,Львовна,жен
48957288,1969-12-15,Ипат,Агафонов,Ааронович,муж
57639187,1977-06-12,Евлампий,Буров,Антипович,муж
50671707,1967-03-19,Синклитикия,Ковалева,Аскольдовна,жен
67010394,1960-12-05,Гедеон,Корнилов,Бориславович,муж
35422251,1961-10-18,Евстафий,Максимов,Харламович,муж
62682109,1998-07-31,Валентина,Кудряшова,Павловна,жен
40996920,2002-01-07,Нина,Морозова,Тимуровна,жен
34801575,1996-07-19,Регина,Михеева,Феликсовна,жен
48034853,1988-01-07,Кондрат,Веселов,Ааронович,муж
56909069,1992-07-16,Регина,Филиппова,Оскаровна,жен
39013470,1950-09-07,Болеслав,Егоров,Феофанович,муж
46406612,1962-01-02,Ия,Панова,Николаевна,жен
32908391,1975-06-14,Святополк,Павлов,Федосьевич,муж
64774239,1981-12-15,Валентина,Попова,Даниловна,жен
58951977,1957-08-07,Венедикт,Антонов,Жоресович,муж
38974968,1978-03-14,Нина,Богданова,Игоревна,жен
52955604,1994-05-04,Святослав,Архипов,Ярославович,муж
61555142,1952-08-28,Борислав,Беляев,Фёдорович,муж
65193484,1984-08-17,Людмила,Авдеева,Ефимовна,жен
35134042,2002-02-20,Александр,Степанов,Витальевич,муж
60327505,1968-07-04,Ростислав,Гордеев,Тихонович,муж
37618081,1992-06-27,Измаил,Доронин,Ильясович,муж
57005304,1989-04-26,Аникита,Никифоров,Анатольевич,муж
32536303,1977-10-26,Елена,Сидорова,Анатольевна,жен
46166243,1989-08-01,Регина,Терентьева,Егоровна,жен
42903709,1974-07-10,Нонна,Бирюкова,Аскольдовна,жен
45936817,1962-10-06,Федосий,Мухин,Архипович,муж
37187763,1987-11-21,Мирон,Тимофеев,Анатольевич,муж
61873449,1983-10-11,Елена,Гурьева,Григорьевна,жен
59771127,1976-07-23,Ирина,Козлова,Оскаровна,жен
65023393,1977-11-27,Эммануил,Яковлев,Эдгарович,муж
37625580,1972-12-16,Демид,Большаков,Федотович,муж
39810775,1966-03-20,Радим,Копылов,Адамович,муж
42205907,1967-06-03,Елизавета,Осипова,Алексеевна,жен
61230135,1966-06-11,Ратибор,Веселов,Игнатьевич,муж
47497745,1993-03-08,Агафья,Сафонова,Степановна,жен
43872132,1966-06-04,Наина,Савельева,Андреевна,жен
66828017,2002-11-09,Юлия,Владимирова,Евгеньевна,жен
39545274,1990-11-30,Макар,Наумов,Харлампьевич,муж
48729112,1989-11-04,Вера,Зайцева,Константиновна,жен
42516474,1987-05-17,Анастасия,Боброва,Юрьевна,жен
58185780,1949-10-05,Исай,Киселев,Брониславович,муж
60588885,1974-03-22,Вера,Лихачева,Семеновна,жен
43135624,1990-12-25,Милица,Артемьева,Филипповна,жен
55207735,1960-08-26,Светлана,Рожкова,Павловна,жен
66381296,2000-10-03,Василиса,Исаева,Владиславовна,жен
49209668,1950-07-13,Глафира,Жукова,Вячеславовна,жен
39128138,2009-10-15,Егор,Волков,Харламович,муж
58782755,1999-01-08,Мстислав,Фомичев,Ермилович,муж
64726421,1959-02-20,Евфросиния,Самсонова,Васильевна,жен
32343439,1989-10-18,Орест,Пахомов,Всеволодович,муж
66306607,1977-09-27,Фаина,Горшкова,Ильинична,жен
35665264,1956-12-21,Сократ,Сысоев,Тарасович,муж
54585786,1958-01-17,Марфа,Журавлева,Павловна,жен
37040457,1960-02-08,Василиса,Горшкова,Геннадиевна,жен
37661781,1997-01-29,Владлен,Меркушев,Августович,муж
44559517,1975-06-01,Модест,Романов,Брониславович,муж
34575188,2005-01-10,Акулина,Нестерова,Артемовна,жен
41589898,2009-08-09,Глафира,Денисова,Семеновна,жен
58684838,1998-05-21,Аристарх,Блинов,Измаилович,муж
53843058,1953-01-11,Исай,Рожков,Елизарович,муж
50232511,2000-12-21,Мстислав,Артемьев,Гордеевич,муж
41208833,1995-06-09,Тамара,Волкова,Анатольевна,жен
44619177,1981-04-12,Евпраксия,Мишина,Робертовна,жен
38098944,1952-01-13,Христофор,Соловьев,Григорьевич,муж
38093740,1997-01-23,Лора,Селезнева,Ефимовна,жен
67006993,1990-04-04,Ерофей,Матвеев,Филиппович,муж
38732007,1987-10-07,Корнил,Александров,Аксёнович,муж
45091497,1970-11-07,Сократ,Алексеев,Федосьевич,муж
55749492,1965-05-30,Любим,Федосеев,Феофанович,муж
57624758,1958-11-18,Ефрем,Никитин,Венедиктович,муж
63156175,2007-05-18,Олимпиада,Шестакова,Руслановна,жен
60504390,2000-10-28,Зинаида,Евсеева,Наумовна,жен
51183502,2000-09-01,Варвара,Рыбакова,Ивановна,жен
65005168,1996-05-09,Эрнст,Зиновьев,Бориславович,муж
52601590,1969-02-08,Зоя,Максимова,Максимовна,жен
36350532,1960-11-26,Амос,Васильев,Фомич,муж
61688373,1977-05-05,Лука,Филиппов,Фомич,муж
56544997,1989-01-01,Василиса,Матвеева,Богдановна,жен
41655741,2001-07-09,Кузьма,Афанасьев,Тимурович,муж
50146297,1996-08-01,Лора,Абрамова,Тарасовна,жен
35179550,1978-10-31,Евдокия,Лапина,Ждановна,жен
38498428,1952-05-21,Никифор,Гурьев,Гордеевич,муж
62570291,1966-03-15,Зоя,Фадеева,Владимировна,жен
34109467,1964-07-09,Октябрина,Горбунова,Григорьевна,жен
46910191,1951-04-02,Ираида,Павлова,Юрьевна,жен
34491325,1996-05-25,Евгения,Фролова,Матвеевна,жен
42496696,1989-11-14,Ксения,Ермакова,Антоновна,жен
62362764,1965-09-08,Милован,Гордеев,Антипович,муж
